Date,Adj Close,Close,High,Low,Open,Volume
2024-05-01,0.1806659996509552,0.1806659996509552,0.1827069967985153,0.1664479970932006,0.1779779940843582,108345574
2024-05-02,0.1812559962272644,0.1812559962272644,0.1841569989919662,0.1751749962568283,0.1806659996509552,57425956
2024-05-03,0.1919790059328079,0.1919790059328079,0.1942790001630783,0.1802179962396621,0.1812559962272644,51707267
2024-05-04,0.192793995141983,0.192793995141983,0.195945993065834,0.1899909973144531,0.1919779926538467,39991569
2024-05-05,0.1965789943933487,0.1965789943933487,0.1999630033969879,0.1912360042333603,0.192793995141983,52737076
2024-05-06,0.1939619928598404,0.1939619928598404,0.2023770064115524,0.1929939985275268,0.1965779960155487,64732662
2024-05-07,0.1907799988985061,0.1907799988985061,0.198181003332138,0.1907519996166229,0.1939619928598404,52102355
2024-05-08,0.1871629953384399,0.1871629953384399,0.1937119960784912,0.1857140064239502,0.1907799988985061,58821932
2024-05-09,0.1934690028429031,0.1934690028429031,0.1944320052862167,0.1845459938049316,0.1871629953384399,43871686
2024-05-10,0.183348000049591,0.183348000049591,0.1942020058631897,0.1818580031394958,0.1934709995985031,50362768
2024-05-11,0.178725004196167,0.178725004196167,0.1854220032691955,0.1785729974508285,0.183348000049591,38789706
2024-05-12,0.1769829988479614,0.1769829988479614,0.1811359971761703,0.175923004746437,0.1787309944629669,27177067
2024-05-13,0.1775829941034317,0.1775829941034317,0.1804340034723281,0.1700630038976669,0.1769829988479614,50043499
2024-05-14,0.1713069975376129,0.1713069975376129,0.178393006324768,0.1707990020513534,0.1775829941034317,47105186
2024-05-15,0.1798940002918243,0.1798940002918243,0.1831900030374527,0.1701070070266723,0.1713069975376129,60140845
2024-05-16,0.1741189956665039,0.1741189956665039,0.181330993771553,0.1707320064306259,0.1798810064792633,73954547
2024-05-17,0.1830379962921142,0.1830379962921142,0.1849330067634582,0.1728489995002746,0.1741189956665039,54837056
2024-05-18,0.182901993393898,0.182901993393898,0.1865770071744918,0.1824149936437606,0.1830379962921142,40199239
2024-05-19,0.1749320030212402,0.1749320030212402,0.1829469949007034,0.1748609989881515,0.182901993393898,40901732
2024-05-20,0.1885509938001632,0.1885509938001632,0.1885509938001632,0.173003003001213,0.1749320030212402,67118264
2024-05-21,0.1882009953260421,0.1882009953260421,0.1952989995479583,0.1858260035514831,0.1885479986667633,86780832
2024-05-22,0.1852969974279403,0.1852969974279403,0.1892060041427612,0.182667002081871,0.1882009953260421,51235425
2024-05-23,0.1813420057296753,0.1813420057296753,0.1874909996986389,0.173102006316185,0.1852969974279403,85609406
2024-05-24,0.1884779930114746,0.1884779930114746,0.1888210028409958,0.1780979931354522,0.1813420057296753,52530803
2024-05-25,0.1935440003871917,0.1935440003871917,0.1952400058507919,0.1884640008211136,0.1884790062904358,49502648
2024-05-26,0.1894000023603439,0.1894000023603439,0.1940490007400512,0.187512993812561,0.1935440003871917,35757912
2024-05-27,0.1965299993753433,0.1965299993753433,0.1995780020952224,0.1893469989299774,0.1894000023603439,50691598
2024-05-28,0.1941599994897842,0.1941599994897842,0.1972440034151077,0.189532995223999,0.1965299993753433,59730044
2024-05-29,0.1892150044441223,0.1892150044441223,0.1954250037670135,0.1891160011291504,0.1941599994897842,47323233
2024-05-30,0.189762994647026,0.189762994647026,0.1947540044784546,0.1864240020513534,0.1892160028219223,47311495
2024-05-31,0.1882510036230087,0.1882510036230087,0.1906729936599731,0.185478001832962,0.189762994647026,37763200
2024-06-01,0.1881210058927536,0.1881210058927536,0.1892769932746887,0.186149001121521,0.1882510036230087,21968329
2024-06-02,0.1826180070638656,0.1826180070638656,0.189299002289772,0.1822579950094223,0.1881210058927536,29131972
2024-06-03,0.1837390065193176,0.1837390065193176,0.1888680011034011,0.181095004081726,0.1826180070638656,34891020
2024-06-04,0.1862149983644485,0.1862149983644485,0.1868840008974075,0.1793439984321594,0.1837390065193176,34749637
2024-06-05,0.1886070072650909,0.1886070072650909,0.1897789984941482,0.1859789937734604,0.1862149983644485,33705840
2024-06-06,0.1857610046863556,0.1857610046863556,0.188850000500679,0.1836950033903122,0.1886070072650909,32570830
2024-06-07,0.1747180074453354,0.1747180074453354,0.1928579956293106,0.1657820045948028,0.1857600063085556,94836364
2024-06-08,0.1662289947271347,0.1662289947271347,0.1765110045671463,0.1638270020484924,0.1747139990329742,47645894
2024-06-09,0.1703300029039383,0.1703300029039383,0.1712760031223297,0.1658319979906082,0.1661950051784515,27511471
2024-06-10,0.1665080040693283,0.1665080040693283,0.1717749983072281,0.1660729944705963,0.1703239977359771,38501289
2024-06-11,0.1591919958591461,0.1591919958591461,0.1680680066347122,0.1559630036354065,0.1665219962596893,66705927
2024-06-12,0.1659179925918579,0.1659179925918579,0.1695400029420852,0.1556220054626464,0.1591960042715072,53987521
2024-06-13,0.1558510065078735,0.1558510065078735,0.1668059974908828,0.1557459980249405,0.16593599319458,41903647
2024-06-14,0.1512060016393661,0.1512060016393661,0.1590210050344467,0.1482020020484924,0.1558479964733123,54697968
2024-06-15,0.1522669941186905,0.1522669941186905,0.1547649949789047,0.1499239951372146,0.151201993227005,25731437
2024-06-16,0.1555539965629577,0.1555539965629577,0.1559890061616897,0.1502600014209747,0.1522690057754516,25219291
2024-06-17,0.1452170014381408,0.1452170014381408,0.1564089953899383,0.1419209986925125,0.1555580049753189,56501545
2024-06-18,0.1339879930019378,0.1339879930019378,0.1453939974308014,0.1296399980783462,0.1452140063047409,95285323
2024-06-19,0.1385429948568344,0.1385429948568344,0.1407629996538162,0.1325480043888092,0.13400499522686,40242606
2024-06-20,0.1381250023841858,0.1381250023841858,0.1461199969053268,0.1380500048398971,0.1385429948568344,39241769
2024-06-21,0.1391420066356659,0.1391420066356659,0.1419340074062347,0.1365129947662353,0.1381160020828247,39689157
2024-06-22,0.1339550018310547,0.1339550018310547,0.1391569972038269,0.1337109953165054,0.1391569972038269,30435036
2024-06-23,0.1322890073060989,0.1322890073060989,0.1364540010690689,0.1320199966430664,0.1339540034532547,22600452
2024-06-24,0.1352390050888061,0.1352390050888061,0.1353099942207336,0.1291060000658035,0.1323069930076599,50899343
2024-06-25,0.1411029994487762,0.1411029994487762,0.1428660005331039,0.1343369930982589,0.135234996676445,28752254
2024-06-26,0.1406829953193664,0.1406829953193664,0.1426299959421157,0.1393589973449707,0.1411170065402984,24427112
2024-06-27,0.1426649987697601,0.1426649987697601,0.1440279930830001,0.1375440061092376,0.1406829953193664,26820638
2024-06-28,0.1396449953317642,0.1396449953317642,0.1446869969367981,0.1396439969539642,0.1426649987697601,29761609
2024-06-29,0.1389580070972442,0.1389580070972442,0.142302006483078,0.1380899995565414,0.1396519988775253,16863263
2024-06-30,0.1441989988088607,0.1441989988088607,0.1445939987897873,0.137131005525589,0.1389510035514831,24880227
2024-07-01,0.1466760039329528,0.1466760039329528,0.1487649977207183,0.1437380015850067,0.1441899985074997,26473982
2024-07-02,0.1497689932584762,0.1497689932584762,0.150966003537178,0.1466809958219528,0.1467600017786026,26728300
2024-07-03,0.142547994852066,0.142547994852066,0.150745004415512,0.141427993774414,0.1497740000486374,33600897
2024-07-04,0.1313100010156631,0.1313100010156631,0.1429000049829483,0.1313100010156631,0.1425399929285049,62492717
2024-07-05,0.1305550038814544,0.1305550038814544,0.1333819925785064,0.1157890036702156,0.1312360018491745,106637909
2024-07-06,0.1388020068407058,0.1388020068407058,0.1392389982938766,0.1290100067853927,0.1305640041828155,37846710
2024-07-07,0.1265199929475784,0.1265199929475784,0.1387919932603836,0.1260949969291687,0.1387919932603836,36004620
2024-07-08,0.1332689970731735,0.1332689970731735,0.1369919925928115,0.1224619969725608,0.1265220046043396,59638595
2024-07-09,0.1395789980888366,0.1395789980888366,0.1408209949731826,0.1328800022602081,0.1332689970731735,39039605
2024-07-10,0.1393540054559707,0.1393540054559707,0.1415469944477081,0.1369549930095672,0.1395809948444366,25786438
2024-07-11,0.1372109949588775,0.1372109949588775,0.1429049968719482,0.136813998222351,0.1393630057573318,26624483
2024-07-12,0.1381459981203079,0.1381459981203079,0.1386220008134842,0.134113997220993,0.1371999979019165,27744068
2024-07-13,0.1434160023927688,0.1434160023927688,0.1446709930896759,0.1380009949207306,0.138150006532669,26477140
2024-07-14,0.151988998055458,0.151988998055458,0.1533060073852539,0.1434070020914077,0.1434070020914077,28522880
2024-07-15,0.1580879986286163,0.1580879986286163,0.1595969945192337,0.1520140022039413,0.1520140022039413,46360981
2024-07-16,0.1586560010910034,0.1586560010910034,0.1621560007333755,0.1533579975366592,0.1580650061368942,48826456
2024-07-17,0.1548320055007934,0.1548320055007934,0.1623879969120025,0.154790997505188,0.1586470007896423,35519846
2024-07-18,0.151880994439125,0.151880994439125,0.1574040055274963,0.1496499925851822,0.1548060029745102,32231120
2024-07-19,0.1579860001802444,0.1579860001802444,0.1593829989433288,0.1499789953231811,0.1518760025501251,36826331
2024-07-20,0.1582369953393936,0.1582369953393936,0.1612520068883896,0.1567270010709762,0.1579840034246444,28624364
2024-07-21,0.1593450009822845,0.1593450009822845,0.1607459932565689,0.1516699939966201,0.1582369953393936,33450490
2024-07-22,0.1510799974203109,0.1510799974203109,0.1597169935703277,0.1510470062494278,0.1593450009822845,29926010
2024-07-23,0.1436090022325515,0.1436090022325515,0.1524969935417175,0.142546996474266,0.1510799974203109,38713630
2024-07-24,0.1398980021476745,0.1398980021476745,0.1466509997844696,0.1391579955816269,0.1436080038547516,28403649
2024-07-25,0.1371770054101944,0.1371770054101944,0.1399050056934356,0.1329140067100525,0.1398980021476745,39102626
2024-07-26,0.1426829993724823,0.1426829993724823,0.1429879963397979,0.1365920007228851,0.1371770054101944,27636511
2024-07-27,0.1431200057268142,0.1431200057268142,0.1459340006113052,0.1407240033149719,0.1426829993724823,26524091
2024-07-28,0.139164999127388,0.139164999127388,0.1431210041046142,0.1375979930162429,0.1431200057268142,19265828
2024-07-29,0.138931006193161,0.138931006193161,0.1448139995336532,0.138833999633789,0.139164999127388,30771176
2024-07-30,0.137592002749443,0.137592002749443,0.1424479931592941,0.1359580010175705,0.138931006193161,26198260
2024-07-31,0.1357070058584213,0.1357070058584213,0.1417620033025741,0.1355900019407272,0.137592002749443,32673473
2024-08-01,0.1347299963235855,0.1347299963235855,0.1367979943752288,0.1262950003147125,0.1357070058584213,38689995
2024-08-02,0.1240710020065307,0.1240710020065307,0.1354880034923553,0.1236400008201599,0.1347299963235855,39517135
2024-08-03,0.1206279993057251,0.1206279993057251,0.1263249963521957,0.1171009987592697,0.1240710020065307,34840255
2024-08-04,0.1146320030093193,0.1146320030093193,0.1223499998450279,0.110445000231266,0.1206279993057251,39413941
2024-08-05,0.1102500036358833,0.1102500036358833,0.1151190027594566,0.0950540006160736,0.1146320030093193,153298380
2024-08-06,0.1125880032777786,0.1125880032777786,0.1160269975662231,0.1096379980444908,0.1102500036358833,44132221
2024-08-07,0.1096720024943351,0.1096720024943351,0.1171929985284805,0.1086089983582496,0.1125880032777786,38644153
2024-08-08,0.1223179996013641,0.1223179996013641,0.1225979998707771,0.1079659983515739,0.1096720024943351,35316922
2024-08-09,0.120168998837471,0.120168998837471,0.1223350018262863,0.1182800009846687,0.1223179996013641,27748475
2024-08-10,0.1210749968886375,0.1210749968886375,0.1224839985370636,0.1182319968938827,0.120168998837471,19115569
2024-08-11,0.1153319999575614,0.1153319999575614,0.1239769980311393,0.1151859983801841,0.1210749968886375,24492222
2024-08-12,0.1197249963879585,0.1197249963879585,0.1206109970808029,0.1144749969244003,0.1153319999575614,29536729
2024-08-13,0.1211320012807846,0.1211320012807846,0.1216529980301857,0.116006001830101,0.1197249963879585,25434872
2024-08-14,0.1195719987154007,0.1195719987154007,0.1220880001783371,0.1174219995737075,0.1211320012807846,24045515
2024-08-15,0.1156319975852966,0.1156319975852966,0.1218160018324852,0.1148910000920295,0.1195719987154007,27054678
2024-08-16,0.1157170012593269,0.1157170012593269,0.1201099976897239,0.1134549975395202,0.1156319975852966,29506494
2024-08-17,0.1183940023183822,0.1183940023183822,0.118706002831459,0.1148200035095214,0.1157170012593269,17912725
2024-08-18,0.1187819987535476,0.1187819987535476,0.1206950023770332,0.1170860007405281,0.1183940023183822,19040973
2024-08-19,0.1239269971847534,0.1239269971847534,0.1246339976787567,0.1174229979515075,0.1187819987535476,25338482
2024-08-20,0.1280370056629181,0.1280370056629181,0.12984000146389,0.123488999903202,0.1239269971847534,33448285
2024-08-21,0.1347749978303909,0.1347749978303909,0.1376589983701706,0.1268859952688217,0.1280370056629181,34971512
2024-08-22,0.1357139945030212,0.1357139945030212,0.1369310021400451,0.1344459950923919,0.1347749978303909,23507102
2024-08-23,0.1441570073366165,0.1441570073366165,0.1451559960842132,0.1354169994592666,0.1357139945030212,31069084
2024-08-24,0.14648999273777,0.14648999273777,0.1484169960021972,0.1421660035848617,0.1441570073366165,26210107
2024-08-25,0.1418009996414184,0.1418009996414184,0.1466670036315918,0.1414200067520141,0.14648999273777,23120916
2024-08-26,0.1345099955797195,0.1345099955797195,0.1428859978914261,0.1343020051717758,0.1418009996414184,24733417
2024-08-27,0.1282079964876175,0.1282079964876175,0.1363240033388137,0.1261460036039352,0.1345099955797195,25048909
2024-08-28,0.1269010007381439,0.1269010007381439,0.1312289983034134,0.1251560002565384,0.1282079964876175,30743409
2024-08-29,0.1266590058803558,0.1266590058803558,0.132652997970581,0.1254139989614486,0.1269010007381439,21362153
2024-08-30,0.1284579932689666,0.1284579932689666,0.1291120052337646,0.1221570000052452,0.1266590058803558,23614334
2024-08-31,0.1232990026473999,0.1232990026473999,0.1288989931344986,0.1232950016856193,0.1284579932689666,15669362
2024-09-01,0.1185000017285347,0.1185000017285347,0.123378001153469,0.1177690029144287,0.1232990026473999,21210865
2024-09-02,0.125558003783226,0.125558003783226,0.1258669942617416,0.1181709989905357,0.1185000017285347,22210856
2024-09-03,0.1193939968943595,0.1193939968943595,0.1269250065088272,0.1193939968943595,0.125558003783226,20243659
2024-09-04,0.1224310025572776,0.1224310025572776,0.1243970021605491,0.1149910017848014,0.1193939968943595,28691194
2024-09-05,0.1177280023694038,0.1177280023694038,0.1224580034613609,0.1161440014839172,0.1224310025572776,21520807
2024-09-06,0.1161800026893615,0.1161800026893615,0.1210549995303154,0.1119699999690055,0.1177280023694038,33176279
2024-09-07,0.120738998055458,0.120738998055458,0.1224860027432441,0.1155640035867691,0.1161800026893615,22942654
2024-09-08,0.1251749992370605,0.1251749992370605,0.1268240064382553,0.120227001607418,0.120738998055458,27726082
2024-09-09,0.1279129981994629,0.1279129981994629,0.1289789974689483,0.1241429969668388,0.1251759976148605,24331996
2024-09-10,0.1294430047273636,0.1294430047273636,0.1294430047273636,0.1259659975767135,0.1279129981994629,21062636
2024-09-11,0.1270799934864044,0.1270799934864044,0.1296309977769851,0.1226830035448074,0.1294430047273636,24092957
2024-09-12,0.1300320029258728,0.1300320029258728,0.1304190009832382,0.1267170011997223,0.1270799934864044,19596575
2024-09-13,0.1332699954509735,0.1332699954509735,0.1335929930210113,0.1271619945764541,0.1300320029258728,22561860
2024-09-14,0.1312599927186966,0.1312599927186966,0.1337150037288665,0.1305609941482544,0.1332699954509735,16663791
2024-09-15,0.126470997929573,0.126470997929573,0.1316179931163787,0.1262149959802627,0.1312599927186966,17413691
2024-09-16,0.1236540004611015,0.1236540004611015,0.1278350055217743,0.122418999671936,0.126470997929573,23011699
2024-09-17,0.123988002538681,0.123988002538681,0.1273339986801147,0.1223250031471252,0.1236540004611015,20510480
2024-09-18,0.1275250017642974,0.1275250017642974,0.1275359988212585,0.1194690018892288,0.123988002538681,27478413
2024-09-19,0.1315000057220459,0.1315000057220459,0.1333750039339065,0.1275250017642974,0.1275250017642974,27157650
2024-09-20,0.1328449994325637,0.1328449994325637,0.1352629959583282,0.1304430067539215,0.1315000057220459,27264172
2024-09-21,0.1362659931182861,0.1362659931182861,0.1363860070705413,0.1320250034332275,0.1328449994325637,19801634
2024-09-22,0.132188007235527,0.132188007235527,0.136473000049591,0.1298249959945678,0.1362659931182861,20356851
2024-09-23,0.1341370046138763,0.1341370046138763,0.1354469954967498,0.130404993891716,0.132188007235527,26533571
2024-09-24,0.1385959982872009,0.1385959982872009,0.1394329965114593,0.1313869953155517,0.1341370046138763,27815835
2024-09-25,0.1372079998254776,0.1372079998254776,0.1422220021486282,0.136814996600151,0.1385959982872009,32971870
2024-09-26,0.1436399966478347,0.1436399966478347,0.1439429968595504,0.1347710043191909,0.1372079998254776,31772236
2024-09-27,0.1442520022392273,0.1442520022392273,0.1469630002975464,0.1431179940700531,0.1436399966478347,29700755
2024-09-28,0.14130699634552,0.14130699634552,0.1450580060482025,0.1393689960241317,0.1442549973726272,24296110
2024-09-29,0.1412709951400756,0.1412709951400756,0.1435039937496185,0.138943001627922,0.1413149982690811,20492950
2024-09-30,0.1342930048704147,0.1342930048704147,0.1412789970636367,0.1337099969387054,0.1412709951400756,27836648
2024-10-01,0.1248589977622032,0.1248589977622032,0.1370549947023391,0.1226809993386268,0.1342930048704147,41492485
2024-10-02,0.1212470009922981,0.1212470009922981,0.1283960044384002,0.1196909993886947,0.1248589977622032,31959008
2024-10-03,0.1219940036535263,0.1219940036535263,0.1241450011730194,0.1187240034341812,0.1212470009922981,35579493
2024-10-04,0.1259060055017471,0.1259060055017471,0.1275960057973861,0.1215220019221305,0.1219940036535263,29471037
2024-10-05,0.1258399933576584,0.1258399933576584,0.1276679933071136,0.123538002371788,0.1259060055017471,15566217
2024-10-06,0.126812994480133,0.126812994480133,0.1278979927301406,0.1249189972877502,0.1258399933576584,16137628
2024-10-07,0.1247010007500648,0.1247010007500648,0.1295900046825409,0.1246490031480789,0.126812994480133,27920918
2024-10-08,0.1211939975619316,0.1211939975619316,0.1262699961662292,0.1205139979720115,0.1247010007500648,26216046
2024-10-09,0.1186520010232925,0.1186520010232925,0.1238989979028701,0.1178800016641616,0.1211939975619316,27012086
2024-10-10,0.1183549985289573,0.1183549985289573,0.1203859969973564,0.1157120019197464,0.1186520010232925,24920905
2024-10-11,0.121298998594284,0.121298998594284,0.1222890019416809,0.1179820001125335,0.1183549985289573,20038641
2024-10-12,0.1218409985303878,0.1218409985303878,0.1239769980311393,0.1208140030503273,0.121298998594284,16950419
2024-10-13,0.1207010000944137,0.1207010000944137,0.1227250024676323,0.1190679967403411,0.1218409985303878,17094204
2024-10-14,0.1266659945249557,0.1266659945249557,0.1271660029888153,0.1197919994592666,0.1207010000944137,25991722
2024-10-15,0.1256870031356811,0.1256870031356811,0.1281719952821731,0.1225859969854354,0.1266659945249557,35823639
2024-10-16,0.1230480000376701,0.1230480000376701,0.125899001955986,0.1223979964852333,0.1256870031356811,26415632
2024-10-17,0.1197120025753974,0.1197120025753974,0.1237519979476928,0.1176809966564178,0.1230480000376701,27865949
2024-10-18,0.1232009977102279,0.1232009977102279,0.1237379983067512,0.1195600032806396,0.1197120025753974,21363452
2024-10-19,0.1233349964022636,0.1233349964022636,0.1264369934797287,0.1218639984726905,0.1232009977102279,18384365
2024-10-20,0.1303409934043884,0.1303409934043884,0.1305609941482544,0.1218369975686073,0.1233349964022636,25319008
2024-10-21,0.1257109940052032,0.1257109940052032,0.1313789933919906,0.124949000775814,0.1303409934043884,29361383
2024-10-22,0.1241479963064193,0.1241479963064193,0.1281660050153732,0.1226359978318214,0.1257109940052032,26290733
2024-10-23,0.1208230033516883,0.1208230033516883,0.1243610009551048,0.1181069985032081,0.1241479963064193,22500408
2024-10-24,0.1220249980688095,0.1220249980688095,0.1230190023779869,0.1197950020432472,0.1212100014090538,18918505
2024-10-25,0.1140720024704933,0.1140720024704933,0.1222790032625198,0.1114370003342628,0.1220249980688095,31675190
2024-10-26,0.1144710034132003,0.1144710034132003,0.1152340024709701,0.1117020025849342,0.1140699982643127,25618056
2024-10-27,0.1158260032534599,0.1158260032534599,0.1168240010738372,0.11387400329113,0.1144710034132003,15831578
2024-10-28,0.1183390021324157,0.1183390021324157,0.1192359998822212,0.1133439987897872,0.1158260032534599,25233849
2024-10-29,0.1237829998135566,0.1237829998135566,0.1242950037121772,0.1183250024914741,0.1183390021324157,26727150
2024-10-30,0.1207489967346191,0.1207489967346191,0.1238930001854896,0.1202509999275207,0.1237829998135566,22737440
2024-10-31,0.1143179982900619,0.1143179982900619,0.1209810003638267,0.1137000024318695,0.1207489967346191,25299244
2024-11-01,0.114605002105236,0.114605002105236,0.1173470020294189,0.1123080030083656,0.1143179982900619,26393605
2024-11-02,0.11370600014925,0.11370600014925,0.1171069964766502,0.1132989972829818,0.114605002105236,17818134
2024-11-03,0.1094919964671135,0.1094919964671135,0.11404799669981,0.1059390008449554,0.11370600014925,34698456
2024-11-04,0.109265998005867,0.109265998005867,0.1113810017704963,0.1058899983763694,0.1094919964671135,32041955
2024-11-05,0.1141159981489181,0.1141159981489181,0.1153070032596588,0.1092370003461837,0.109265998005867,28789257
2024-11-06,0.1218860000371933,0.1218860000371933,0.122137002646923,0.1141159981489181,0.1141159981489181,48375225
2024-11-07,0.1225500032305717,0.1225500032305717,0.1249039992690086,0.1201829984784126,0.1218860000371933,40807149
2024-11-08,0.1313840001821518,0.1313840001821518,0.1314260065555572,0.120908997952938,0.1225500032305717,55116961
2024-11-09,0.1338620036840438,0.1338620036840438,0.1338649988174438,0.1287029981613159,0.1313840001821518,36338557
2024-11-10,0.1455069929361343,0.1455069929361343,0.1499249935150146,0.1334230005741119,0.1338620036840438,108197816
2024-11-11,0.1592209935188293,0.1592209935188293,0.1592749953269958,0.1420120000839233,0.1455069929361343,124437834
2024-11-12,0.1547179967164993,0.1547179967164993,0.1632460057735443,0.1447699964046478,0.1592209935188293,177077174
2024-11-13,0.1458269953727722,0.1458269953727722,0.1558399945497512,0.1396449953317642,0.1547240018844604,131581479
2024-11-14,0.1454129964113235,0.1454129964113235,0.1550730019807815,0.1420640051364898,0.1458269953727722,112487935
2024-11-15,0.1853449940681457,0.1853449940681457,0.1896090060472488,0.1454129964113235,0.1454129964113235,525499026
2024-11-16,0.196943998336792,0.196943998336792,0.2178689986467361,0.1832920014858245,0.186146005988121,558411813
2024-11-17,0.1836999952793121,0.1836999952793121,0.1978709995746612,0.1798010021448135,0.1969269961118698,178720239
2024-11-18,0.2158980071544647,0.2158980071544647,0.2300750017166137,0.1820340007543563,0.1836999952793121,587264551
2024-11-19,0.2240120023488998,0.2240120023488998,0.2369879931211471,0.2051129937171936,0.2158980071544647,387641278
2024-11-20,0.2115380018949508,0.2115380018949508,0.2276750057935714,0.2089589983224868,0.2240120023488998,228550117
2024-11-21,0.214368000626564,0.214368000626564,0.2216459959745407,0.2034280002117157,0.2115380018949508,243630613
2024-11-22,0.2592160105705261,0.2592160105705261,0.2616649866104126,0.214367002248764,0.2143889963626861,480009137
2024-11-23,0.2937569916248321,0.2937569916248321,0.319034993648529,0.2589519917964935,0.2592160105705261,973660409
2024-11-24,0.2840979993343353,0.2840979993343353,0.3262200057506561,0.2568489909172058,0.2937569916248321,623351599
2024-11-25,0.259880006313324,0.259880006313324,0.2929689884185791,0.2571650147438049,0.2840979993343353,353136238
2024-11-26,0.2974649965763092,0.2974649965763092,0.2976660132408142,0.2515459954738617,0.259880006313324,446898300
2024-11-27,0.2931100130081177,0.2931100130081177,0.3089399933815002,0.2868799865245819,0.2974649965763092,454692848
2024-11-28,0.3240689933300018,0.3240689933300018,0.3289560079574585,0.2833639979362488,0.2931109964847564,337633464
2024-11-29,0.4408630132675171,0.4408630132675171,0.4666959941387176,0.3195700049400329,0.3240689933300018,1932840725
2024-11-30,0.4426259994506836,0.4426259994506836,0.4767380058765411,0.3988499939441681,0.4408630132675171,1788860026
2024-12-01,0.4875769913196563,0.4875769913196563,0.517549991607666,0.4243330061435699,0.4426249861717224,1717511873
2024-12-02,0.5018870234489441,0.5018870234489441,0.5493900179862976,0.458074003458023,0.4875830113887787,1874382870
2024-12-03,0.5076709985733032,0.5076709985733032,0.6027629971504211,0.501891016960144,0.501891016960144,2378210247
2024-12-04,0.4787189960479736,0.4787189960479736,0.5366659760475159,0.4678399860858917,0.5076709985733032,1075403191
2024-12-05,0.4526810050010681,0.4526810050010681,0.4928910136222839,0.4473739862442016,0.4787189960479736,892391235
2024-12-06,0.5004770159721375,0.5004770159721375,0.5127999782562256,0.4324190020561218,0.4501529932022095,857895312
2024-12-07,0.510837972164154,0.510837972164154,0.5246350169181824,0.4671800136566162,0.5004770159721375,923904527
2024-12-08,0.4983629882335663,0.4983629882335663,0.5162820219993591,0.4856460094451904,0.5157300233840942,495163777
2024-12-09,0.418749988079071,0.418749988079071,0.4983629882335663,0.3717890083789825,0.4983629882335663,785273139
2024-12-10,0.4251990020275116,0.4251990020275116,0.4330910146236419,0.3723680078983307,0.418749988079071,944481961
2024-12-11,0.4544399976730346,0.4544399976730346,0.4633580148220062,0.4020099937915802,0.4252069890499115,537733966
2024-12-12,0.4282189905643463,0.4282189905643463,0.4764280021190643,0.4236840009689331,0.4543730020523071,573451492
2024-12-13,0.4378660023212433,0.4378660023212433,0.4547140002250671,0.4168089926242828,0.4282149970531463,400353418
2024-12-14,0.4211249947547912,0.4211249947547912,0.4378660023212433,0.40761598944664,0.4378660023212433,246870403
2024-12-15,0.4307489991188049,0.4307489991188049,0.4342209994792938,0.4073509871959686,0.4211249947547912,269172844
2024-12-16,0.4136860072612762,0.4136860072612762,0.4357390105724334,0.4020490050315857,0.4307489991188049,353781732
2024-12-17,0.4130190014839172,0.4130190014839172,0.4418880045413971,0.4046030044555664,0.4136770069599151,497935824
2024-12-18,0.3673520088195801,0.3673520088195801,0.4142520129680633,0.3661839962005615,0.4130190014839172,464840765
2024-12-19,0.3334949910640716,0.3334949910640716,0.3823220133781433,0.3224579989910126,0.3673520088195801,606760645
2024-12-20,0.34757000207901,0.34757000207901,0.3547280132770538,0.2836160063743591,0.3334969878196716,651060423
2024-12-21,0.3285279870033264,0.3285279870033264,0.3745749890804291,0.3246369957923889,0.34757000207901,399136026
2024-12-22,0.3475880026817322,0.3475880026817322,0.3557550013065338,0.317764014005661,0.3285279870033264,369728362
2024-12-23,0.3750270009040832,0.3750270009040832,0.3780330121517181,0.3352780044078827,0.3475880026817322,414983910
2024-12-24,0.3967519998550415,0.3967519998550415,0.4126110076904297,0.3629550039768219,0.375025987625122,381202987
2024-12-25,0.3810209929943084,0.3810209929943084,0.3992359936237335,0.3783020079135895,0.3967519998550415,183934875
2024-12-26,0.3464410006999969,0.3464410006999969,0.3832100033760071,0.3442850112915039,0.3810209929943084,196832756
2024-12-27,0.3325369954109192,0.3325369954109192,0.3688069880008697,0.3294529914855957,0.3464399874210357,260720536
2024-12-28,0.3443830013275146,0.3443830013275146,0.3499619960784912,0.3283950090408325,0.3325369954109192,154893492
2024-12-29,0.3253040015697479,0.3253040015697479,0.3479639887809753,0.3218590021133423,0.3443830013275146,159371149
2024-12-30,0.3285830020904541,0.3285830020904541,0.3489899933338165,0.3109939992427826,0.3253009915351867,241918064
2024-12-31,0.3337010145187378,0.3337010145187378,0.3513999879360199,0.317218005657196,0.3285830020904541,227972429
2025-01-01,0.3762699961662292,0.3762699961662292,0.3847939968109131,0.3272959887981415,0.3337010145187378,293751245
2025-01-02,0.3922429978847503,0.3922429978847503,0.406823992729187,0.376242995262146,0.3762690126895904,355149024
2025-01-03,0.4182330071926117,0.4182330071926117,0.425830990076065,0.3921970129013061,0.3922500014305115,362071902
2025-01-04,0.4097689986228943,0.4097689986228943,0.4303439855575561,0.4059900045394897,0.4182330071926117,247562926
2025-01-05,0.4051510095596313,0.4051510095596313,0.4154700040817261,0.396723985671997,0.4097689986228943,220267450
2025-01-06,0.4149760007858276,0.4149760007858276,0.4310150146484375,0.3974440097808838,0.4051519930362701,277481613
2025-01-07,0.3736410140991211,0.3736410140991211,0.4247840046882629,0.3719910085201263,0.4149749875068664,346570360
2025-01-08,0.3591890037059784,0.3591890037059784,0.3813750147819519,0.341821014881134,0.3736410140991211,310456946
2025-01-09,0.3419679999351501,0.3419679999351501,0.3628979921340942,0.3363380134105682,0.3591890037059784,234679223
2025-01-10,0.3732900023460388,0.3732900023460388,0.384880006313324,0.3393580019474029,0.3419679999351501,320981441
2025-01-11,0.3773039877414703,0.3773039877414703,0.3850420117378235,0.3591229915618896,0.3732750117778778,184677739
2025-01-12,0.3605409860610962,0.3605409860610962,0.3781790137290954,0.353967010974884,0.3773039877414703,145409603
2025-01-13,0.3490979969501495,0.3490979969501495,0.3728919923305511,0.3243780136108398,0.3605409860610962,270540549
2025-01-14,0.3724220097064972,0.3724220097064972,0.3773239850997925,0.3458040058612823,0.3490979969501495,186216659
2025-01-15,0.4454720020294189,0.4454720020294189,0.4489929974079132,0.3706650137901306,0.3724220097064972,559239188
2025-01-16,0.4637610018253326,0.4637610018253326,0.4830250144004822,0.4268420040607452,0.4454770088195801,637648071
2025-01-17,0.4695279896259308,0.4695279896259308,0.4949109852313995,0.463450014591217,0.4637610018253326,435214084
2025-01-18,0.4455989897251129,0.4455989897251129,0.474155992269516,0.4350680112838745,0.4695279896259308,340690873
2025-01-19,0.3963119983673095,0.3963119983673095,0.4573619961738586,0.3914119899272918,0.4455989897251129,454305357
2025-01-20,0.4288929998874664,0.4288929998874664,0.4765720069408417,0.3856790065765381,0.3962459862232208,680190176
2025-01-21,0.4239520132541656,0.4239520132541656,0.4431929886341095,0.4066660106182098,0.4288870096206665,339673810
2025-01-22,0.4050010144710541,0.4050010144710541,0.4300499856472015,0.4041019976139068,0.4239520132541656,229509181
2025-01-23,0.4100160002708435,0.4100160002708435,0.4219540059566498,0.3901689946651459,0.4049960076808929,275650082
2025-01-24,0.4000920057296753,0.4000920057296753,0.4258289933204651,0.3925040066242218,0.4099969863891601,227687863
2025-01-25,0.4027020037174225,0.4027020037174225,0.4088990092277527,0.3944700062274933,0.4000929892063141,146018042
2025-01-26,0.38229700922966,0.38229700922966,0.4178969860076904,0.38229700922966,0.402756005525589,168864398
2025-01-27,0.3868730068206787,0.3868730068206787,0.387800008058548,0.3473829925060272,0.3822979927062988,365539080
2025-01-28,0.3635219931602478,0.3635219931602478,0.3912929892539978,0.3580119907855987,0.3868730068206787,157857868
2025-01-29,0.3692249953746795,0.3692249953746795,0.3848359882831573,0.3544799983501434,0.3635219931602478,156208319
2025-01-30,0.3880540132522583,0.3880540132522583,0.39478200674057,0.366252988576889,0.3692150115966797,147563078
2025-01-31,0.3789210021495819,0.3789210021495819,0.401418000459671,0.3746170103549957,0.3880529999732971,147919829
2025-02-01,0.3489280045032501,0.3489280045032501,0.3853740096092224,0.3451919853687286,0.3789179921150207,120071841
2025-02-02,0.300381988286972,0.300381988286972,0.3560500144958496,0.2877469956874847,0.3488419950008392,274692517
2025-02-03,0.3127979934215545,0.3127979934215545,0.317654013633728,0.2327519953250885,0.3003830015659332,560479156
2025-02-04,0.2921069860458374,0.2921069860458374,0.3168529868125915,0.2786720097064972,0.3127979934215545,234487584
2025-02-05,0.2817650139331817,0.2817650139331817,0.2984910011291504,0.2789010107517242,0.2921069860458374,149720369
2025-02-06,0.2668319940567016,0.2668319940567016,0.2964819967746734,0.2645620107650757,0.2817659974098205,153491398
2025-02-07,0.2696210145950317,0.2696210145950317,0.2949770092964172,0.2611919939517975,0.2668319940567016,179170092
2025-02-08,0.2760539948940277,0.2760539948940277,0.2775500118732452,0.2647460103034973,0.2696210145950317,100253886
2025-02-09,0.2756609916687011,0.2756609916687011,0.2869150042533874,0.2593399882316589,0.2760539948940277,133202998
2025-02-10,0.2900049984455108,0.2900049984455108,0.296889990568161,0.2692089974880218,0.2756609916687011,140253821
2025-02-11,0.2860729992389679,0.2860729992389679,0.313069999217987,0.2830159962177276,0.2900049984455108,142661294
2025-02-12,0.3028160035610199,0.3028160035610199,0.305184006690979,0.2785399854183197,0.2860729992389679,181776001
2025-02-13,0.2933000028133392,0.2933000028133392,0.307110995054245,0.2859619855880737,0.3028160035610199,130520996
2025-02-14,0.2966060042381286,0.2966060042381286,0.3081499934196472,0.2909539937973022,0.2933000028133392,125644536
2025-02-15,0.2842999994754791,0.2842999994754791,0.302249014377594,0.2815670073032379,0.2966080009937286,77208426
2025-02-16,0.275422990322113,0.275422990322113,0.2853100001811981,0.2741929888725281,0.2842999994754791,66754589
2025-02-17,0.2699410021305084,0.2699410021305084,0.2833490073680877,0.2667300105094909,0.2754270136356354,90864422
2025-02-18,0.2570509910583496,0.2570509910583496,0.2714999914169311,0.245167002081871,0.2699410021305084,126649620
2025-02-19,0.2613959908485412,0.2613959908485412,0.2640779912471771,0.252252995967865,0.2570509910583496,81821197
2025-02-20,0.2709409892559051,0.2709409892559051,0.2719840109348297,0.2604140043258667,0.2613959908485412,98275896
2025-02-21,0.2634179890155792,0.2634179890155792,0.2893980145454407,0.2555449903011322,0.2709499895572662,137210734
2025-02-22,0.2662979960441589,0.2662979960441589,0.2717320024967193,0.2620539963245392,0.2634179890155792,84152424
2025-02-23,0.2597360014915466,0.2597360014915466,0.2683619856834411,0.2554669976234436,0.2662979960441589,71360694
2025-02-24,0.2272530049085617,0.2272530049085617,0.2610740065574646,0.2271859943866729,0.2597360014915466,134179389
2025-02-25,0.2315820008516311,0.2315820008516311,0.236968994140625,0.2105930000543594,0.2272489964962005,165084520
2025-02-26,0.2353119999170303,0.2353119999170303,0.2411970049142837,0.2263610064983368,0.2315820008516311,118425540
2025-02-27,0.2375189960002899,0.2375189960002899,0.2430610060691833,0.2306260019540786,0.2353119999170303,84175264
2025-02-28,0.2378180027008056,0.2378180027008056,0.2419549971818924,0.2128649950027465,0.2375179976224899,155748823
2025-03-01,0.2532219886779785,0.2532219886779785,0.2573690116405487,0.23471100628376,0.2378180027008056,121815313
2025-03-02,0.2906120121479034,0.2906120121479034,0.2985860109329223,0.2443419992923736,0.2532219886779785,397583053
2025-03-03,0.2378959953784942,0.2378959953784942,0.2979719936847687,0.2362450063228607,0.2906120121479034,226786261
2025-03-04,0.2390380054712295,0.2390380054712295,0.2425809949636459,0.2181120067834854,0.2378910034894943,222337844
2025-03-05,0.2500289976596832,0.2500289976596832,0.2543169856071472,0.2352070063352584,0.2390460073947906,125813108
2025-03-06,0.2405260056257248,0.2405260056257248,0.2595990002155304,0.2405200004577636,0.2500270009040832,108620628
2025-03-07,0.2330649942159652,0.2330649942159652,0.2474649995565414,0.2270410060882568,0.2405260056257248,132444406
2025-03-08,0.2244559973478317,0.2244559973478317,0.2358839958906173,0.2236399948596954,0.2330649942159652,75026573
2025-03-09,0.2011090070009231,0.2011090070009231,0.2263810038566589,0.1997070014476776,0.2244559973478317,113534298
2025-03-10,0.1842270046472549,0.1842270046472549,0.2138780057430267,0.1816869974136352,0.201106995344162,145126452
2025-03-11,0.1907339990139007,0.1907339990139007,0.199410006403923,0.1755910068750381,0.1842219978570938,132859069
2025-03-12,0.195384994149208,0.195384994149208,0.2005150020122528,0.1862760037183761,0.1907339990139007,99279554
2025-03-13,0.1955650001764297,0.1955650001764297,0.2004480063915252,0.1888220012187957,0.195384994149208,95553534
2025-03-14,0.1986400038003921,0.1986400038003921,0.2047230005264282,0.1943310052156448,0.1955630034208297,77009930
2025-03-15,0.1999209970235824,0.1999209970235824,0.2034029960632324,0.1983020007610321,0.198634997010231,62874172
2025-03-16,0.1864050030708313,0.1864050030708313,0.201556995511055,0.184918999671936,0.1999319940805435,87114204
2025-03-17,0.19132000207901,0.19132000207901,0.1945260018110275,0.1863580048084259,0.1864040046930313,70434804
2025-03-18,0.186488002538681,0.186488002538681,0.19132000207901,0.1804929971694946,0.19132000207901,77470903
2025-03-19,0.1997160017490387,0.1997160017490387,0.2008329927921295,0.1853979974985122,0.186488002538681,107459435
2025-03-20,0.1952710002660751,0.1952710002660751,0.201566994190216,0.1927970051765442,0.1997240036725998,76790689
2025-03-21,0.1871850043535232,0.1871850043535232,0.1965399980545044,0.1870730072259903,0.1952680051326751,63899399
2025-03-22,0.1878339946269989,0.1878339946269989,0.1912370026111602,0.1864950060844421,0.1871850043535232,43798603
2025-03-23,0.1916289925575256,0.1916289925575256,0.1916860044002533,0.1872099936008453,0.1878339946269989,53146041
2025-03-24,0.2033960074186325,0.2033960074186325,0.20728699862957,0.1908140033483505,0.1916289925575256,76604038
2025-03-25,0.2116689980030059,0.2116689980030059,0.2144690006971359,0.2010769993066787,0.2033929973840713,76281763
2025-03-26,0.2068500071763992,0.2068500071763992,0.2179220020771026,0.203684002161026,0.2116689980030059,68918551
2025-03-27,0.2117930054664611,0.2117930054664611,0.2155829966068267,0.2061219960451126,0.2068500071763992,70743427
2025-03-28,0.1995169967412948,0.1995169967412948,0.2154480069875717,0.1968960016965866,0.2117940038442611,73367486
2025-03-29,0.1839620023965835,0.1839620023965835,0.200435996055603,0.1806640028953552,0.1995169967412948,66970149
2025-03-30,0.1793909966945648,0.1793909966945648,0.1871799975633621,0.1776099950075149,0.1839620023965835,45710759
2025-03-31,0.1800969988107681,0.1800969988107681,0.1815280020236969,0.1726949959993362,0.1793889999389648,70773544
2025-04-01,0.1890340000391006,0.1890340000391006,0.1933999955654144,0.1792329996824264,0.1800969988107681,62039656
2025-04-02,0.1773470044136047,0.1773470044136047,0.1950840055942535,0.1740230023860931,0.1890310049057006,114353440
2025-04-03,0.1806820034980774,0.1806820034980774,0.1812500059604644,0.168840005993843,0.1773470044136047,79791858
2025-04-04,0.186036005616188,0.186036005616188,0.1918220072984695,0.1767410039901733,0.1806800067424774,130150064
2025-04-05,0.1831569969654083,0.1831569969654083,0.1897419989109039,0.1805579960346222,0.186036005616188,50479247
2025-04-06,0.1620710045099258,0.1620710045099258,0.1847649961709976,0.1586849987506866,0.1831569969654083,84825306
2025-04-07,0.1667290031909942,0.1667290031909942,0.1734739989042282,0.1477739959955215,0.1620710045099258,164016113
2025-04-08,0.1547410041093826,0.1547410041093826,0.1730210036039352,0.153220996260643,0.1667290031909942,96016177
2025-04-09,0.1803510040044784,0.1803510040044784,0.1845549941062927,0.1493020057678222,0.1547430008649826,151190279
2025-04-10,0.1764290034770965,0.1764290034770965,0.1811220049858093,0.1702380031347274,0.1803459972143173,85569069
2025-04-11,0.1801649928092956,0.1801649928092956,0.1853500008583068,0.1754609942436218,0.1764290034770965,83552975
2025-04-12,0.1910350024700164,0.1910350024700164,0.1960330009460449,0.1771049946546554,0.1801639944314956,110329896
2025-04-13,0.1827300041913986,0.1827300041913986,0.1914809942245483,0.1797520071268081,0.1910350024700164,67195690
2025-04-14,0.1887460052967071,0.1887460052967071,0.1999090015888214,0.1827300041913986,0.1827310025691986,122252182
2025-04-15,0.1796099990606308,0.1796099990606308,0.1988279968500137,0.1786960065364837,0.1887460052967071,102298268
2025-04-16,0.1814090013504028,0.1814090013504028,0.1854290068149566,0.1773770004510879,0.1796150058507919,83597693
2025-04-17,0.1866859942674636,0.1866859942674636,0.1897449940443039,0.179408997297287,0.1814090013504028,65268351
2025-04-18,0.189410001039505,0.189410001039505,0.1921409964561462,0.1854339987039566,0.1866859942674636,52629664
2025-04-19,0.1932059973478317,0.1932059973478317,0.1943549960851669,0.1893409937620163,0.1894119977951049,39363946
2025-04-20,0.1930209994316101,0.1930209994316101,0.1959040015935897,0.1893920004367828,0.1932059973478317,45399661
2025-04-21,0.1931139975786209,0.1931139975786209,0.2032559961080551,0.191891998052597,0.1930209994316101,75649890
2025-04-22,0.2094829976558685,0.2094829976558685,0.2097479999065399,0.1896580010652542,0.1931139975786209,104079405
2025-04-23,0.2138459980487823,0.2138459980487823,0.2214069962501526,0.2083230018615722,0.2094829976558685,108520887
2025-04-24,0.2257820069789886,0.2257820069789886,0.2258529961109161,0.2070820033550262,0.2138469964265823,102910998
2025-04-25,0.2277979999780655,0.2277979999780655,0.2334100008010864,0.2211540043354034,0.2257820069789886,96117844
2025-04-26,0.2286490052938461,0.2286490052938461,0.2383880019187927,0.226633995771408,0.2278040051460266,72629607
2025-04-27,0.2216520011425018,0.2216520011425018,0.2304169982671737,0.218991994857788,0.2286490052938461,63937550
2025-04-28,0.2304850071668625,0.2304850071668625,0.2354499995708465,0.2157240062952041,0.2216520011425018,100842600
2025-04-29,0.2266280055046081,0.2266280055046081,0.2357600033283233,0.2239020019769668,0.2304850071668625,73663231
2025-04-30,0.2198220044374466,0.2198220044374466,0.2305700033903122,0.2136330008506775,0.2266280055046081,98732271
2025-05-01,0.2173269987106323,0.2173269987106323,0.2276390045881271,0.2159640043973922,0.2198230028152465,83163186
2025-05-02,0.2154749929904937,0.2154749929904937,0.2234970033168792,0.2131330072879791,0.2173299938440323,72292281
2025-05-03,0.2074870020151138,0.2074870020151138,0.2155629992485046,0.2050919979810714,0.2154749929904937,47493043
2025-05-04,0.19964699447155,0.19964699447155,0.2093880027532577,0.199082002043724,0.2074870020151138,45309426
2025-05-05,0.1994200050830841,0.1994200050830841,0.204813003540039,0.1952459961175918,0.1996369957923889,57391370
2025-05-06,0.1993889957666397,0.1993889957666397,0.2020809948444366,0.1913670003414154,0.199413001537323,73333052
2025-05-07,0.1992519944906234,0.1992519944906234,0.2021989971399307,0.1946409940719604,0.1993889957666397,64700753
2025-05-08,0.2250290066003799,0.2250290066003799,0.2265309989452362,0.1992509961128235,0.1992509961128235,110820358
2025-05-09,0.2325610071420669,0.2325610071420669,0.239886999130249,0.2236350029706955,0.2250279933214187,134841077
2025-05-10,0.2530759871006012,0.2530759871006012,0.2531140148639679,0.2308779954910278,0.2325610071420669,105849692
2025-05-11,0.2395160049200058,0.2395160049200058,0.2564440071582794,0.2360240072011947,0.2530730068683624,106428189
2025-05-12,0.2425139993429184,0.2425139993429184,0.258432000875473,0.2313289940357208,0.2395170032978058,173311912
2025-05-13,0.2479739934206009,0.2479739934206009,0.2508710026741028,0.2264579981565475,0.2425100058317184,118811057
2025-05-14,0.2371799945831298,0.2371799945831298,0.2503510117530823,0.2351309955120086,0.2479619979858398,93636710
2025-05-15,0.2252929955720901,0.2252929955720901,0.2395720034837722,0.2205570042133331,0.2371799945831298,107758231
2025-05-16,0.2230580002069473,0.2230580002069473,0.2306289970874786,0.2206300050020218,0.2252929955720901,70631462
2025-05-17,0.2158190011978149,0.2158190011978149,0.2232950031757354,0.2118680030107498,0.2230560034513473,68558845
2025-05-18,0.2276249974966049,0.2276249974966049,0.2310499995946884,0.2139330059289932,0.2158190011978149,83921271
2025-05-19,0.2222879976034164,0.2222879976034164,0.2284069955348968,0.2104440033435821,0.2276249974966049,69735773
2025-05-20,0.2243179976940155,0.2243179976940155,0.2272679954767227,0.2164929956197738,0.2222879976034164,53271324
2025-05-21,0.23089499771595,0.23089499771595,0.2327820062637329,0.2217990010976791,0.2243179976940155,86506521
2025-05-22,0.2411119937896728,0.2411119937896728,0.2423489987850189,0.230454996228218,0.23089300096035,89261243
2025-05-23,0.2236769944429397,0.2236769944429397,0.2474959939718246,0.2235960066318512,0.2411119937896728,99162692
2025-05-24,0.2208790034055709,0.2208790034055709,0.2290350049734115,0.2195969969034195,0.2236700057983398,51725347
2025-05-25,0.2215970009565353,0.2215970009565353,0.221668004989624,0.2116419970989227,0.2208790034055709,55206741
2025-05-26,0.218967005610466,0.218967005610466,0.2280499935150146,0.2157139927148819,0.2215970009565353,58915988
2025-05-27,0.2220740020275116,0.2220740020275116,0.2265750020742416,0.2138739973306656,0.218967005610466,56480084
2025-05-28,0.217289999127388,0.217289999127388,0.2242709994316101,0.2126449942588806,0.2220740020275116,57981994
2025-05-29,0.2095669955015182,0.2095669955015182,0.2229550033807754,0.209535002708435,0.217289999127388,64290603
2025-05-30,0.1924050003290176,0.1924050003290176,0.2104099988937378,0.192124992609024,0.2095659971237182,106590789
2025-05-31,0.1938710063695907,0.1938710063695907,0.1972350031137466,0.1867869943380355,0.1924040019512176,55556310
2025-06-01,0.1954150050878524,0.1954150050878524,0.1981109976768493,0.1903509944677353,0.1938710063695907,43666077
2025-06-02,0.1990340054035186,0.1990340054035186,0.1992129981517791,0.1905619949102401,0.1954150050878524,47121336
2025-06-03,0.197404995560646,0.197404995560646,0.2026309967041015,0.1965959966182708,0.1990340054035186,50214855
2025-06-04,0.1916310042142868,0.1916310042142868,0.2007900029420852,0.1897229999303817,0.1973980069160461,46650272
2025-06-05,0.1814469993114471,0.1814469993114471,0.1937420070171356,0.1777479946613311,0.1916310042142868,77746794
2025-06-06,0.1872899979352951,0.1872899979352951,0.1916690021753311,0.1808249950408935,0.1814469993114471,55124404
2025-06-07,0.1910959929227829,0.1910959929227829,0.1936430037021637,0.1868959963321685,0.1872899979352951,29944539
2025-06-08,0.1905550062656402,0.1905550062656402,0.1934230029582977,0.1870560050010681,0.1910959929227829,39914883
2025-06-09,0.199426993727684,0.199426993727684,0.1997919976711273,0.1879159957170486,0.1905550062656402,56326297
2025-06-10,0.2079080045223236,0.2079080045223236,0.2079080045223236,0.1974709928035736,0.1994290053844452,74738029
2025-06-11,0.1971919983625412,0.1971919983625412,0.2088329941034317,0.195384994149208,0.2079080045223236,87671804
2025-06-12,0.1811950057744979,0.1811950057744979,0.1973749995231628,0.1790030002593994,0.1971919983625412,104858669
2025-06-13,0.1807339936494827,0.1807339936494827,0.1813479959964752,0.1689459979534149,0.1811950057744979,151656419
2025-06-14,0.1772419959306717,0.1772419959306717,0.1810649931430816,0.1740960031747818,0.1807339936494827,47439458
2025-06-15,0.176483005285263,0.176483005285263,0.1792149990797042,0.1713649928569793,0.1772419959306717,46691711
2025-06-16,0.1762019991874694,0.1762019991874694,0.1862590014934539,0.1742890030145645,0.176483005285263,63770269
2025-06-17,0.1696629971265792,0.1696629971265792,0.178955003619194,0.1660979986190796,0.1762000024318695,81454736
2025-06-18,0.1706790030002594,0.1706790030002594,0.1723340004682541,0.1653909981250763,0.1696629971265792,63598359
2025-06-19,0.1691800057888031,0.1691800057888031,0.1724780052900314,0.1675640046596527,0.1706790030002594,49862557
2025-06-20,0.167166993021965,0.167166993021965,0.1720850020647049,0.1615339964628219,0.1691810041666031,84008509
2025-06-21,0.1617459952831268,0.1617459952831268,0.1692879945039749,0.157708004117012,0.167166993021965,64746558
2025-06-22,0.1597480028867721,0.1597480028867721,0.1644040048122406,0.1527010053396225,0.1618739962577819,110716171
2025-06-23,0.1794379949569702,0.1794379949569702,0.1798390001058578,0.1585550010204315,0.1597480028867721,88539335
2025-06-24,0.1827719956636428,0.1827719956636428,0.1837670058012008,0.177616000175476,0.1794379949569702,76270896
2025-06-25,0.1756509989500045,0.1756509989500045,0.184812992811203,0.1754159927368164,0.1827719956636428,57692523
2025-06-26,0.1719509959220886,0.1719509959220886,0.1799239963293075,0.1704169958829879,0.1756490021944046,57049440
2025-06-27,0.1747449934482574,0.1747449934482574,0.1759369969367981,0.1693910062313079,0.1719509959220886,45880960
2025-06-28,0.1764679998159408,0.1764679998159408,0.1772029995918274,0.173223003745079,0.1747449934482574,29301066
2025-06-29,0.1859489977359771,0.1859489977359771,0.187291994690895,0.1755920052528381,0.1764679998159408,45332069
2025-06-30,0.1854590028524398,0.1854590028524398,0.1869670003652572,0.1771419942378997,0.1859489977359771,64516672
2025-07-01,0.1711570024490356,0.1711570024490356,0.1918309926986694,0.169977992773056,0.1854609996080398,130605176
2025-07-02,0.1811890006065368,0.1811890006065368,0.1840129941701889,0.1709289997816085,0.1711570024490356,84233660
2025-07-03,0.1822399944067001,0.1822399944067001,0.1886769980192184,0.1811890006065368,0.1811890006065368,58822950
2025-07-04,0.1734890043735504,0.1734890043735504,0.1831250041723251,0.1718329936265945,0.1822360008955001,57402341
2025-07-05,0.1746399998664856,0.1746399998664856,0.1762630045413971,0.1725880056619644,0.1734890043735504,31143357
2025-07-06,0.1770679950714111,0.1770679950714111,0.1790080070495605,0.1736219972372055,0.1746399998664856,35503174
2025-07-07,0.1761499941349029,0.1761499941349029,0.1789190024137497,0.1733549982309341,0.1770679950714111,42014882
2025-07-08,0.1793359965085983,0.1793359965085983,0.1805299967527389,0.1731420010328292,0.1761499941349029,47970020
2025-07-09,0.1924329996109008,0.1924329996109008,0.1935379952192306,0.1785469949245453,0.1793359965085983,76315698
2025-07-10,0.2117889970541,0.2117889970541,0.2121720016002655,0.1905200034379959,0.1924329996109008,103795582
2025-07-11,0.2183769941329956,0.2183769941329956,0.2353619933128357,0.2110230028629303,0.2117889970541,193899068
2025-07-12,0.2188459932804107,0.2188459932804107,0.2268870025873184,0.2128559947013855,0.2183769941329956,107958173
2025-07-13,0.264165997505188,0.264165997505188,0.2695960104465484,0.2176219969987869,0.2188459932804107,470865309
2025-07-14,0.2794339954853058,0.2794339954853058,0.3072470128536224,0.2629410028457641,0.264165997505188,664671851
2025-07-15,0.2837789952754974,0.2837789952754974,0.2925949990749359,0.2695060074329376,0.2794339954853058,357800862
2025-07-16,0.2842519879341125,0.2842519879341125,0.2962799966335296,0.2747519910335541,0.2837789952754974,256141379
2025-07-17,0.3202089965343475,0.3202089965343475,0.3278299868106842,0.2789779901504516,0.2842519879341125,511390667
2025-07-18,0.293965995311737,0.293965995311737,0.3348079919815063,0.2893730103969574,0.3202239871025085,389538993
2025-07-19,0.2919709980487823,0.2919709980487823,0.2961879968643188,0.2827540040016174,0.2939670085906982,142771778
2025-07-20,0.2919630110263824,0.2919630110263824,0.3062660098075866,0.2868779897689819,0.2919920086860657,145305124
2025-07-21,0.298330008983612,0.298330008983612,0.3110100030899048,0.2869960069656372,0.2919630110263824,203196360
2025-07-22,0.2965779900550842,0.2965779900550842,0.299703985452652,0.2798520028591156,0.298330008983612,161262803
2025-07-23,0.2674550116062164,0.2674550116062164,0.296752005815506,0.2589179873466491,0.2965779900550842,179322619
2025-07-24,0.2616739869117737,0.2616739869117737,0.2731159925460815,0.2504810094833374,0.2674660086631775,142166447
2025-07-25,0.2668339908123016,0.2668339908123016,0.2692559957504272,0.2522099912166595,0.2616739869117737,132368622
2025-07-26,0.2747330069541931,0.2747330069541931,0.2809000015258789,0.2651790082454681,0.2668319940567016,94229357
2025-07-27,0.2862850129604339,0.2862850129604339,0.2904689908027649,0.2736009955406189,0.2747310101985931,127499907
2025-07-28,0.2639020085334778,0.2639020085334778,0.2875120043754577,0.2637749910354614,0.2862780094146728,119858285
2025-07-29,0.2605009973049164,0.2605009973049164,0.2727510035037994,0.2556650042533874,0.2639060020446777,93435672
2025-07-30,0.2536619901657104,0.2536619901657104,0.2621780037879944,0.242805004119873,0.2605009973049164,102171914
2025-07-31,0.2443030029535293,0.2443030029535293,0.2668980062007904,0.2436719983816146,0.2536619901657104,112047245
2025-08-01,0.2366070002317428,0.2366070002317428,0.2462559938430786,0.2310619950294494,0.2442969977855682,137165222
2025-08-02,0.227525994181633,0.227525994181633,0.2401269972324371,0.2239859998226165,0.2366050034761428,82858403
2025-08-03,0.2433950006961822,0.2433950006961822,0.244047001004219,0.224818006157875,0.227525994181633,80597456
2025-08-04,0.2482849955558776,0.2482849955558776,0.2505930066108703,0.2417729943990707,0.2433950006961822,96271052
2025-08-05,0.237428992986679,0.237428992986679,0.2489559948444366,0.233814999461174,0.2482849955558776,85385040
2025-08-06,0.242808997631073,0.242808997631073,0.2466569989919662,0.2310490012168884,0.237428992986679,73849287
2025-08-07,0.2639200091361999,0.2639200091361999,0.2640079855918884,0.2420819997787475,0.242808997631073,135319274
2025-08-08,0.265978991985321,0.265978991985321,0.2689850032329559,0.2566210031509399,0.2639200091361999,217890615
2025-08-09,0.2701239883899688,0.2701239883899688,0.2771100103855133,0.2656660079956054,0.265978991985321,115974956
2025-08-10,0.2663399875164032,0.2663399875164032,0.2761400043964386,0.2603349983692169,0.2701239883899688,84209930
2025-08-11,0.2535519897937774,0.2535519897937774,0.2795900106430053,0.2505339980125427,0.2663399875164032,154332798
2025-08-12,0.271261990070343,0.271261990070343,0.2767960131168365,0.2499089986085891,0.2535519897937774,223831201
2025-08-13,0.2807289958000183,0.2807289958000183,0.2815609872341156,0.2678869962692261,0.271261990070343,161217035
2025-08-14,0.2538970112800598,0.2538970112800598,0.2894600033760071,0.2480649948120117,0.2807289958000183,215482869
2025-08-15,0.2538639903068542,0.2538639903068542,0.2661429941654205,0.2468190044164657,0.2538970112800598,128303629
2025-08-16,0.2607710063457489,0.2607710063457489,0.2635299861431122,0.252375990152359,0.2538639903068542,74117370
2025-08-17,0.2651819884777069,0.2651819884777069,0.2748450040817261,0.259196013212204,0.2607710063457489,81967079
2025-08-18,0.2552239894866943,0.2552239894866943,0.2661789953708648,0.2485419958829879,0.2651819884777069,127670800
2025-08-19,0.2376600056886673,0.2376600056886673,0.258228987455368,0.2374680042266845,0.2552239894866943,120239924
2025-08-20,0.2566699981689453,0.2566699981689453,0.2596380114555359,0.2372439950704574,0.2376630008220672,113288368
2025-08-21,0.248212993144989,0.248212993144989,0.2584899961948395,0.2466109991073608,0.2566699981689453,74513762
2025-08-22,0.2663649916648865,0.2663649916648865,0.2691330015659332,0.2396380007266998,0.248212993144989,151492768
2025-08-23,0.2637619972229004,0.2637619972229004,0.2668460011482239,0.2568449974060058,0.2663649916648865,77263543
2025-08-24,0.2712549865245819,0.2712549865245819,0.2809500098228454,0.2530570030212402,0.2637619972229004,179755439
2025-08-25,0.246285006403923,0.246285006403923,0.2737700045108795,0.2429050058126449,0.2712549865245819,189174215
2025-08-26,0.2548330128192901,0.2548330128192901,0.2588500082492828,0.2442390024662017,0.2462760061025619,121742381
2025-08-27,0.2470979988574981,0.2470979988574981,0.256301999092102,0.2470590025186538,0.2548129856586456,92724141
2025-08-28,0.2526740133762359,0.2526740133762359,0.2559379935264587,0.245955005288124,0.2470979988574981,89926176
2025-08-29,0.2365439981222152,0.2365439981222152,0.253039002418518,0.2326840013265609,0.2526710033416748,122447145
2025-08-30,0.2336149960756302,0.2336149960756302,0.2370229959487915,0.2305160015821457,0.2365439981222152,57398599
2025-08-31,0.2316129952669143,0.2316129952669143,0.2392459958791732,0.2315199971199035,0.2336149960756302,56755234
2025-09-01,0.2271540015935897,0.2271540015935897,0.2371950000524521,0.2229360044002533,0.2316129952669143,97702118
2025-09-02,0.2332880049943924,0.2332880049943924,0.234603002667427,0.2261269986629486,0.2271540015935897,76964188
2025-09-03,0.2328329980373382,0.2328329980373382,0.2366040050983429,0.2307250052690506,0.2332880049943924,54441872
2025-09-04,0.2274090051651001,0.2274090051651001,0.2339289933443069,0.2254509925842285,0.2328329980373382,46504030
2025-09-05,0.2297009974718094,0.2297009974718094,0.2358849942684173,0.2272319942712783,0.2274090051651001,71499874
2025-09-06,0.2271319925785064,0.2271319925785064,0.230333998799324,0.2250110059976577,0.2297009974718094,31816962
2025-09-07,0.2307520061731338,0.2307520061731338,0.2325489968061447,0.2271270006895065,0.2271319925785064,41284941
2025-09-08,0.2363680005073547,0.2363680005073547,0.2388720065355301,0.2304189950227737,0.2307540029287338,70902821
2025-09-09,0.2331890016794204,0.2331890016794204,0.2431620061397552,0.2318129986524582,0.2363680005073547,84244865
2025-09-10,0.2394250035285949,0.2394250035285949,0.2423039972782135,0.2321880012750625,0.2331890016794204,76898461
2025-09-11,0.2441020011901855,0.2441020011901855,0.2449319958686828,0.2384179979562759,0.2394250035285949,76923991
2025-09-12,0.2483880072832107,0.2483880072832107,0.2491700053215026,0.2410980015993118,0.2441029995679855,81281505
2025-09-13,0.2529740035533905,0.2529740035533905,0.2600769996643066,0.2475589960813522,0.2483880072832107,107535512
2025-09-14,0.2395689934492111,0.2395689934492111,0.253387987613678,0.2388409972190857,0.2529740035533905,92478920
2025-09-15,0.2328359931707382,0.2328359931707382,0.2431029975414276,0.2287189960479736,0.2395689934492111,97130032
2025-09-16,0.237536996603012,0.237536996603012,0.2400979995727539,0.2301499992609024,0.2328359931707382,69886049
2025-09-17,0.2441640049219131,0.2441640049219131,0.2469770014286041,0.2323199957609176,0.237536996603012,85220194
2025-09-18,0.2462660074234008,0.2462660074234008,0.2504729926586151,0.2410870045423507,0.2441640049219131,79850015
2025-09-19,0.2341479957103729,0.2341479957103729,0.2489250004291534,0.2326859980821609,0.2462660074234008,75236155
2025-09-20,0.2356230020523071,0.2356230020523071,0.2385240048170089,0.2327159941196441,0.2341479957103729,50242996
2025-09-21,0.2313130050897598,0.2313130050897598,0.2376309931278228,0.2301910072565078,0.2356230020523071,50692237
2025-09-22,0.2140509933233261,0.2140509933233261,0.2319329977035522,0.206713005900383,0.2313109934329986,159347489
2025-09-23,0.2110590040683746,0.2110590040683746,0.2174710035324096,0.2096689939498901,0.2140509933233261,72930629
2025-09-24,0.2129790037870407,0.2129790037870407,0.2182070016860962,0.2084580063819885,0.2110590040683746,71720848
2025-09-25,0.2024450004100799,0.2024450004100799,0.2134349942207336,0.200981006026268,0.2129839956760406,125958764
2025-09-26,0.2086589932441711,0.2086589932441711,0.2106740027666092,0.2004680037498474,0.2024450004100799,83207647
2025-09-27,0.2059500068426132,0.2059500068426132,0.2086730003356933,0.2045300006866455,0.2086589932441711,43242996
2025-09-28,0.2080429941415786,0.2080429941415786,0.2086510062217712,0.2002640068531036,0.2059500068426132,51685913
2025-09-29,0.2077630013227462,0.2077630013227462,0.2105029970407486,0.2038010060787201,0.2080450057983398,95228753
2025-09-30,0.2078990042209625,0.2078990042209625,0.2102259993553161,0.201663002371788,0.2077630013227462,107192472
2025-10-01,0.2208320051431656,0.2208320051431656,0.2216269969940185,0.2056590020656585,0.2078990042209625,106711733
2025-10-02,0.2250970005989074,0.2250970005989074,0.2273979932069778,0.2191700041294098,0.2208320051431656,101740036
2025-10-03,0.224930003285408,0.224930003285408,0.2304479926824569,0.2207880020141601,0.2250970005989074,93541126
2025-10-04,0.219757005572319,0.219757005572319,0.2252880036830902,0.2160200029611587,0.224928006529808,81474263
2025-10-05,0.218759000301361,0.218759000301361,0.2300709933042526,0.2178069949150085,0.219757005572319,84074591
2025-10-06,0.229312002658844,0.229312002658844,0.2307070046663284,0.216497004032135,0.218759000301361,103681283
2025-10-07,0.2190800011157989,0.2190800011157989,0.2303130030632019,0.2186879962682724,0.229312002658844,95989779
2025-10-08,0.2242060005664825,0.2242060005664825,0.2266940027475357,0.2158659994602203,0.21909199655056,90802648
2025-10-09,0.2205770015716552,0.2205770015716552,0.2242980003356933,0.2128680050373077,0.2242060005664825,80874407
2025-10-10,0.1759479939937591,0.1759479939937591,0.2251899987459182,0.1208859980106353,0.2205699980258941,310168512
2025-10-11,0.1819410026073455,0.1819410026073455,0.1927150040864944,0.1752949953079223,0.1758850067853927,214371229
2025-10-12,0.2032530009746551,0.2032530009746551,0.2070250064134597,0.1795089989900589,0.1819410026073455,122301983
2025-10-13,0.2133129984140396,0.2133129984140396,0.214710995554924,0.1997909992933273,0.2032549977302551,129349266
2025-10-14,0.2054409980773925,0.2054409980773925,0.2139119952917099,0.1921049952507019,0.2133129984140396,146708330
2025-10-15,0.1964620053768158,0.1964620053768158,0.2081789970397949,0.1946599930524826,0.2054409980773925,106098147
2025-10-16,0.1849240064620971,0.1849240064620971,0.1988440006971359,0.1836320012807846,0.1964620053768158,125694839
2025-10-17,0.1772409975528717,0.1772409975528717,0.1874639987945556,0.1705539971590042,0.1849279999732971,113772683
2025-10-18,0.1798730045557022,0.1798730045557022,0.1815090030431747,0.1769430041313171,0.1772409975528717,64539429
2025-10-19,0.183566004037857,0.183566004037857,0.1882230043411255,0.1768639981746673,0.1798730045557022,62222521
2025-10-20,0.1868879944086074,0.1868879944086074,0.1910170018672943,0.1798110008239746,0.183566004037857,85339005
2025-10-21,0.1812549978494644,0.1812549978494644,0.1951680034399032,0.1777199953794479,0.1868769973516464,95907674
2025-10-22,0.1784950047731399,0.1784950047731399,0.1845680028200149,0.1754820048809051,0.1812530010938644,100214221
2025-10-23,0.1814880073070526,0.1814880073070526,0.185709998011589,0.1781830042600631,0.1784950047731399,52493607
2025-10-24,0.1857170015573501,0.1857170015573501,0.1862410008907318,0.1808360069990158,0.1814880073070526,71329325
2025-10-25,0.1852770000696182,0.1852770000696182,0.1868840008974075,0.1825879961252212,0.1857170015573501,39042834
2025-10-26,0.1907700002193451,0.1907700002193451,0.1917389929294586,0.183239996433258,0.1852779984474182,57342180
2025-10-27,0.1857150048017501,0.1857150048017501,0.193133994936943,0.1846899986267089,0.1907700002193451,63642711
2025-10-28,0.1845500022172927,0.1845500022172927,0.198753997683525,0.1820369958877563,0.1857150048017501,148407149
2025-10-29,0.1837349981069564,0.1837349981069564,0.1895589977502823,0.1813410073518753,0.1845719963312149,82330222
2025-10-30,0.1737170070409774,0.1737170070409774,0.1865770071744918,0.167834997177124,0.1837349981069564,110315786
2025-10-31,0.1773560047149658,0.1773560047149658,0.1788929998874664,0.1733649969100952,0.1737010031938552,55423734
2025-11-01,0.178969994187355,0.178969994187355,0.1809400022029876,0.1755210012197494,0.1773560047149658,54413325
2025-11-02,0.1786900013685226,0.1786900013685226,0.1805779933929443,0.1735749989748001,0.178969994187355,44116843
2025-11-03,0.1599469929933548,0.1599469929933548,0.1786970049142837,0.1558589935302734,0.1786839962005615,127845801
2025-11-04,0.1543630063533783,0.1543630063533783,0.1627029925584793,0.1462330073118209,0.1599449962377548,109235402
2025-11-05,0.1618220061063766,0.1618220061063766,0.1626109927892685,0.1475230008363723,0.1543640047311782,70341878
2025-11-06,0.1572979986667633,0.1572979986667633,0.1618259996175766,0.1538069993257522,0.1618240028619766,61675469
2025-11-07,0.1805890053510666,0.1805890053510666,0.1864050030708313,0.1572400033473968,0.1572979986667633,104597610
2025-11-08,0.1777919977903366,0.1777919977903366,0.184808000922203,0.1744800060987472,0.1805890053510666,67182450
2025-11-09,0.1777449995279312,0.1777449995279312,0.1817999929189682,0.1698849946260452,0.1777919977903366,68241370
2025-11-10,0.1886480003595352,0.1886480003595352,0.1917729973793029,0.1770009994506836,0.1777449995279312,94939551
2025-11-11,0.1777839958667755,0.1777839958667755,0.1909330040216446,0.1761790066957473,0.1886480003595352,83302385
2025-11-12,0.1716749966144561,0.1716749966144561,0.1840970069169998,0.1708029955625534,0.1777839958667755,73686142
2025-11-13,0.1681369990110397,0.1681369990110397,0.1796520054340362,0.1632740050554275,0.1716769933700561,94051544
2025-11-14,0.1608189940452575,0.1608189940452575,0.1681360006332397,0.158050000667572,0.1681350022554397,90977064
2025-11-15,0.1634690016508102,0.1634690016508102,0.1673610061407089,0.1607860028743744,0.1608189940452575,61679497
2025-11-16,0.1589830070734024,0.1589830070734024,0.1662079989910125,0.1557510048151016,0.1634690016508102,73314496
2025-11-17,0.1523420065641403,0.1523420065641403,0.1622949987649917,0.1505209952592849,0.1589850038290023,82522716
2025-11-18,0.1568479984998703,0.1568479984998703,0.1602749973535537,0.1507090032100677,0.1523440033197403,75347152
2025-11-19,0.1519619971513748,0.1519619971513748,0.1584009975194931,0.1456419974565506,0.1568499952554702,72917644
2025-11-20,0.1440609991550445,0.1440609991550445,0.1552679985761642,0.1420760005712509,0.1519639939069748,70463871
2025-11-21,0.1367489993572235,0.1367489993572235,0.1457740068435669,0.1318159997463226,0.1440750062465667,101105773
2025-11-22,0.1356939971446991,0.1356939971446991,0.1382859945297241,0.1327760070562362,0.1367589980363845,44814871
2025-11-23,0.1436440050601959,0.1436440050601959,0.1459590047597885,0.1352420002222061,0.1356939971446991,51053812
2025-11-24,0.1436710059642791,0.1436710059642791,0.1471160054206848,0.1392399966716766,0.1436550021171569,64009925
2025-11-25,0.1463759988546371,0.1463759988546371,0.1473429948091507,0.1401380002498626,0.1436710059642791,53534086
2025-11-26,0.1462839990854263,0.1462839990854263,0.1482529938220977,0.1416810005903244,0.1463759988546371,50693911
2025-11-27,0.1443500071763992,0.1443500071763992,0.1474300026893615,0.1440750062465667,0.1462969928979873,35448866
2025-11-28,0.1434530019760131,0.1434530019760131,0.147147998213768,0.1418150067329406,0.1443500071763992,39353103
2025-11-29,0.1396529972553253,0.1396529972553253,0.1439319998025894,0.1389580070972442,0.1434530019760131,28608017
2025-11-30,0.1369750052690506,0.1369750052690506,0.1409399956464767,0.1369750052690506,0.1396529972553253,29198676
